Dataset,Classes,Imbalance_Ratio,Best_Config,H_dim,Neighbor_Quantile,Radius_Statistic,K_Neighbors,Min_Persistence,Baseline_GMean,TDAPS_GMean,GMean_Diff,Prototypes,Reduction_%,TDA_Time,Prototype_Ratio
Well-Separated Blobs (3 classes),3,1.0,H0_q5_rmean_k1_p0.001,0,0.05,mean,1,0.001,1.0,1.0,0.0,175,58.33333333333333,0.049661874771118164,"53:38:84 (30.3%, 21.7%, 48.0%)"
Overlapping Blobs (4 classes),4,1.0,H0_q25_rmean_k1_p0.001,0,0.25,mean,1,0.001,0.8715113422440693,0.8306995399265327,-0.04081180231753667,134,76.07142857142857,0.0692129135131836,"39:29:34:32 (29.1%, 21.6%, 25.4%, 23.9%)"
Overlapping Clusters (3 classes),3,1.0656934306569343,H0_q10_rmean_k1_p0.1,0,0.1,mean,1,0.1,0.7667891268343427,0.7636310157705539,-0.0031581110637888266,79,81.19047619047619,0.03869509696960449,"17:31:31 (21.5%, 39.2%, 39.2%)"
Two Moons (Moderate Noise),2,1.0,H0_q15_rmean_k10_p0.001,0,0.15,mean,10,0.001,1.0,0.9596295581571511,-0.04037044184284888,57,83.71428571428572,0.037863969802856445,"29:28 (50.9%, 49.1%)"
Two Moons (High Noise),2,1.0,H0_q20_rmean_k1_p0.001,0,0.2,mean,1,0.001,0.8993825042154694,0.8662563131083085,-0.03312619110716086,66,81.14285714285714,0.03786301612854004,"29:37 (43.9%, 56.1%)"
Concentric Circles (Moderate Noise),2,1.0,H0_q20_rmean_k1_p0.001,0,0.2,mean,1,0.001,0.9732420048477152,0.9732420048477152,0.0,105,70.0,0.043637990951538086,"54:51 (51.4%, 48.6%)"
Concentric Circles (High Noise),2,1.0,H0_q20_rmean_k1_p0.1,0,0.2,mean,1,0.1,0.8326663997864531,0.8383051685129679,0.005638768726514809,107,69.42857142857143,0.04469490051269531,"56:51 (52.3%, 47.7%)"
Imbalanced Classes (80/20%),2,4.0,H0_q20_rmean_k1_p0.001,0,0.2,mean,1,0.001,0.6831300510639732,0.7149203529842405,0.03179030192026733,68,80.57142857142857,0.04984879493713379,"52:16 (76.5%, 23.5%)"
"Mixed Multi-class (3 classes, 40/30/10%)",3,4.0,H0_q15_rmean_k1_p0.001,0,0.15,mean,1,0.001,0.9397796374952975,0.942671285372226,0.002891647876928527,90,83.92857142857143,0.07468008995056152,"39:33:18 (43.3%, 36.7%, 20.0%)"
