Dataset,Classes,Imbalance_Ratio,Best_Config,H_dim,Neighbor_Quantile,Radius_Statistic,K_Neighbors,Min_Persistence,Baseline_GMean,TDAPS_GMean,GMean_Diff,Prototypes,Reduction_%,TDA_Time,Prototype_Ratio
Well-Separated Blobs (3 classes),3,1.0,H0_q5_rmean_k1_p0.001,0,0.05,mean,1,0.001,1.0,1.0,0.0,175,58.33333333333333,0.051915884017944336,"53:38:84 (30.3%, 21.7%, 48.0%)"
Overlapping Blobs (4 classes),4,1.0,H0_q25_rmean_k3_p0.001,0,0.25,mean,3,0.001,0.8528328451922611,0.8272047231099294,-0.025628122082331672,132,76.42857142857142,0.06655693054199219,"34:30:37:31 (25.8%, 22.7%, 28.0%, 23.5%)"
Overlapping Clusters (3 classes),3,1.0656934306569343,H0_q10_rmean_k1_p0.001,0,0.1,mean,1,0.001,0.7891212496526697,0.7779953802382624,-0.011125869414407297,49,88.33333333333333,0.04302406311035156,"17:16:16 (34.7%, 32.7%, 32.7%)"
Two Moons (Moderate Noise),2,1.0,H0_q20_rmean_k10_p0.001,0,0.2,mean,10,0.001,0.8798989841011423,0.8666666666666667,-0.013232317434475616,73,79.14285714285714,0.0386199951171875,"37:36 (50.7%, 49.3%)"
Two Moons (High Noise),2,1.0,H0_q20_rmean_k10_p0.001,0,0.2,mean,10,0.001,0.826559132790873,0.826559132790873,0.0,57,83.71428571428572,0.037151336669921875,"29:28 (50.9%, 49.1%)"
Concentric Circles (Moderate Noise),2,1.0,H0_q25_rmean_k10_p0.001,0,0.25,mean,10,0.001,0.47291060935915197,0.5438954147832304,0.07098480542407848,132,62.28571428571428,0.04095101356506348,"65:67 (49.2%, 50.8%)"
Concentric Circles (High Noise),2,1.0,H0_q5_rmean_k5_p0.001,0,0.05,mean,5,0.001,0.48,0.5560175856531478,0.07601758565314787,28,92.0,0.036077022552490234,"14:14 (50.0%, 50.0%)"
Imbalanced Classes (80/20%),2,4.0,H0_q5_rmean_k1_p0.001,0,0.05,mean,1,0.001,0.7149203529842405,0.7993052538854533,0.08438490090121276,21,94.0,0.07957601547241211,"17:4 (81.0%, 19.0%)"
"Mixed Multi-class (3 classes, 40/30/10%)",3,4.0,H0_q10_rmean_k5_p0.001,0,0.1,mean,5,0.001,0.9588214274822775,0.9559592569393288,-0.0028621705429486832,69,87.67857142857143,0.07527303695678711,"27:22:20 (39.1%, 31.9%, 29.0%)"
