Dataset,Classes,Imbalance_Ratio,Best_Config,H_dim,Neighbor_Quantile,Radius_Statistic,K_Neighbors,Min_Persistence,Baseline_GMean,TDAPS_GMean,GMean_Diff,Prototypes,Reduction_%,TDA_Time,Prototype_Ratio
Well-Separated Blobs (3 classes),3,1.0,H0_q5_rmean_k1_p0.001,0,0.05,mean,1,0.001,1.0,1.0,0.0,175,58.33333333333333,0.051751136779785156,"53:38:84 (30.3%, 21.7%, 48.0%)"
Overlapping Blobs (4 classes),4,1.0,H0_q25_rmean_k5_p0.001,0,0.25,mean,5,0.001,0.8362898291920526,0.820867044321738,-0.015422784870314676,134,76.07142857142857,0.06759500503540039,"31:30:39:34 (23.1%, 22.4%, 29.1%, 25.4%)"
Overlapping Clusters (3 classes),3,1.0656934306569343,H0_q10_rmean_k1_p0.1,0,0.1,mean,1,0.1,0.678434384665041,0.7594264982658923,0.08099211360085123,79,81.19047619047619,0.03744792938232422,"17:31:31 (21.5%, 39.2%, 39.2%)"
Two Moons (Moderate Noise),2,1.0,H0_q15_rmean_k3_p0.001,0,0.15,mean,3,0.001,0.993310961716756,0.9733333333333334,-0.019977628383422652,55,84.28571428571429,0.036788225173950195,"32:23 (58.2%, 41.8%)"
Two Moons (High Noise),2,1.0,H0_q20_rmean_k1_p0.001,0,0.2,mean,1,0.001,0.8795958667984343,0.88,0.0004041332015657373,66,81.14285714285714,0.03723788261413574,"29:37 (43.9%, 56.1%)"
Concentric Circles (Moderate Noise),2,1.0,H0_q10_rmean_k5_p0.001,0,0.1,mean,5,0.001,0.972967967955095,0.9664597479690732,-0.0065082199860218015,59,83.14285714285714,0.03780102729797363,"28:31 (47.5%, 52.5%)"
Concentric Circles (High Noise),2,1.0,H0_q25_rmean_k1_p0.1,0,0.25,mean,1,0.1,0.7995554320301307,0.8154071920757683,0.015851760045637597,116,66.85714285714286,0.03983807563781738,"56:60 (48.3%, 51.7%)"
Imbalanced Classes (80/20%),2,4.0,H0_q20_rmean_k10_p0.001,0,0.2,mean,10,0.001,0.7688375063113864,0.801040989379861,0.03220348306847465,74,78.85714285714286,0.05091714859008789,"58:16 (78.4%, 21.6%)"
"Mixed Multi-class (3 classes, 40/30/10%)",3,4.0,H0_q5_rmean_k1_p0.001,0,0.05,mean,1,0.001,0.9407222455870486,0.9484019506614147,0.0076797050743661055,42,92.5,0.09724688529968262,"17:16:9 (40.5%, 38.1%, 21.4%)"
